source_commit,source_path,sha256,size_bytes,area,classification,rationale,atlas_destination
"86d95a79bf0879bcb442ffe6b12914f6d8e68a4e","app.tsx","1990e70c5eeb362b123031ff82ceeb579967c0fe3c8d225097404a2307db07f0","36045","root","rewrite","Useful terminal interaction or layout concept is coupled to donor runtime or product state; rewrite against ATLAS-owned contracts.","apps/atlas-tui/src/app.tsx"
"86d95a79bf0879bcb442ffe6b12914f6d8e68a4e","asset/TEN_VAD_LICENSE","7a181c6e342f166739937d1882829abe9ed1d369444cd41254e64b49b9bbb0f0","356","asset","reject","Audio, VAD, WASM, or media asset is outside the text-first shell and may carry separate runtime or licensing obligations.","none"
"86d95a79bf0879bcb442ffe6b12914f6d8e68a4e","asset/charge.wav","09c740c534cf8f11f6900a86b869c95ad00b397d379342914b27e301a0d4a10e","590984","asset","reject","Audio, VAD, WASM, or media asset is outside the text-first shell and may carry separate runtime or licensing obligations.","none"
"86d95a79bf0879bcb442ffe6b12914f6d8e68a4e","asset/pulse-a.wav","ee08c47eb7d33bc2a4b72d9499e11e499392c651bdb9c9b18d11a3862eb92ee0","176444","asset","reject","Audio, VAD, WASM, or media asset is outside the text-first shell and may carry separate runtime or licensing obligations.","none"
"86d95a79bf0879bcb442ffe6b12914f6d8e68a4e","asset/pulse-b.wav","da2a8b0248c1ad87864047fe17601b07e960e11f066c86fe4fcab97cd34b1cba","176444","asset","reject","Audio, VAD, WASM, or media asset is outside the text-first shell and may carry separate runtime or licensing obligations.","none"
"86d95a79bf0879bcb442ffe6b12914f6d8e68a4e","asset/pulse-c.wav","d602476c09d18245877aaa3a1677dfe75e4c38a2e03df50019818c519222a112","176444","asset","reject","Audio, VAD, WASM, or media asset is outside the text-first shell and may carry separate runtime or licensing obligations.","none"
"86d95a79bf0879bcb442ffe6b12914f6d8e68a4e","asset/ten_vad.wasm","1ec0b9640683987e15a4e54e4ce5642b2447c6e5d82b1be889b5099c75434fc3","283349","asset","reject","Audio, VAD, WASM, or media asset is outside the text-first shell and may carry separate runtime or licensing obligations.","none"
"86d95a79bf0879bcb442ffe6b12914f6d8e68a4e","asset/ten_vad_loader.js","6cde67acc8ca876165e941d2048adcc262b4f9093b423188163cc1f57f13ffa3","5638","asset","reject","Audio, VAD, WASM, or media asset is outside the text-first shell and may carry separate runtime or licensing obligations.","none"
"86d95a79bf0879bcb442ffe6b12914f6d8e68a4e","attach.ts","9590652de37e520f8ba9b33d3bc032a67081a9dfe243b62bae8a41fbcac9be9b","2523","root","rewrite","Useful terminal interaction or layout concept is coupled to donor runtime or product state; rewrite against ATLAS-owned contracts.","apps/atlas-tui/src/attach.ts"
"86d95a79bf0879bcb442ffe6b12914f6d8e68a4e","component/background-image.tsx","2badde5355ba48262ddf28648b442522043d0a8986de2648a7df1e3ff0a95d81","4917","component","reject","Donor image/logo path adds product identity and dependencies; the ATLAS intake shell is text-first.","none"
"86d95a79bf0879bcb442ffe6b12914f6d8e68a4e","component/bg-pulse.tsx","81c26f3ba3365cab67044d90644d5f664733729faab7c9afa1394c4fe41e70b2","4284","component","adopt-pattern","Presentation or terminal-platform concept with no donor authority; reimplement as an ATLAS-owned pattern without verbatim intake.","apps/atlas-tui/src/terminal/bg-pulse.ts"
"86d95a79bf0879bcb442ffe6b12914f6d8e68a4e","component/border.tsx","a174a7f4aa3715136542426952e2571f6496ab9e963fd4ca2f00d9ec37f73c6b","370","component","adopt-pattern","Presentation or terminal-platform concept with no donor authority; reimplement as an ATLAS-owned pattern without verbatim intake.","apps/atlas-tui/src/terminal/border.ts"
"86d95a79bf0879bcb442ffe6b12914f6d8e68a4e","component/dialog-agent.tsx","aeaf6470d457cbb23f5e502ca14961747f744d1ea216a1f7c08a132802bea0cf","766","component","reject","Donor agent-selection authority is prohibited; ATLAS keeps one existing agent/runtime across every surface.","none"
"86d95a79bf0879bcb442ffe6b12914f6d8e68a4e","component/dialog-agreement.tsx","ae8a48a3ad1fad323ba3b52004af56bb26cec29bdd0876da10131f9623e94d24","3885","component","reject","Donor account, hosted-service, commercial, or agreement flow is product-specific and prohibited.","none"
"86d95a79bf0879bcb442ffe6b12914f6d8e68a4e","component/dialog-command.tsx","71752339486a241f55646ce39caf43bc9fc8359bc6fb4120cf570064174baf02","7237","component","rewrite","Useful terminal interaction or layout concept is coupled to donor runtime or product state; rewrite against ATLAS-owned contracts.","apps/atlas-tui/src/dialogs/dialog-command.tsx"
"86d95a79bf0879bcb442ffe6b12914f6d8e68a4e","component/dialog-console-org.tsx","2017f77441f3cfd81119df4fdb19ab8f934d5e3f6c8d61d91cd92e5c11af1a04","3014","component","reject","Donor account, hosted-service, commercial, or agreement flow is product-specific and prohibited.","none"
"86d95a79bf0879bcb442ffe6b12914f6d8e68a4e","component/dialog-go-upsell.tsx","d5cba9669673be9b58a2e20526c7ef68e281e6f8b6f9801e6d66e0fac7d8d7bb","5696","component","reject","Donor account, hosted-service, commercial, or agreement flow is product-specific and prohibited.","none"
"86d95a79bf0879bcb442ffe6b12914f6d8e68a4e","component/dialog-image-list.tsx","dde3959af726afb6c2f29fb44d13709be50b0f69cacf17bd4522d72f817dae21","3708","component","reject","Donor image/logo path adds product identity and dependencies; the ATLAS intake shell is text-first.","none"
"86d95a79bf0879bcb442ffe6b12914f6d8e68a4e","component/dialog-logo-design.tsx","42005b9c7335b90a6a8fb5f7dcc37e1b412ffeb28b63f9d2c953bdef94c99ec9","1079","component","reject","Donor image/logo path adds product identity and dependencies; the ATLAS intake shell is text-first.","none"
"86d95a79bf0879bcb442ffe6b12914f6d8e68a4e","component/dialog-mcp.tsx","74cf873dfea352cf26c0a199b1ee7f52e6310c54eafe7503fe3fe276d356245f","2773","component","reject","Donor MCP configuration and runtime authority is prohibited; ATLAS owns its tool and connector contracts.","none"
"86d95a79bf0879bcb442ffe6b12914f6d8e68a4e","component/dialog-mimo-login.tsx","d94233dea887381564c31c65b381727117f917f720ce419999c581cf7ba4a9e7","8138","component","reject","Donor account, hosted-service, commercial, or agreement flow is product-specific and prohibited.","none"
"86d95a79bf0879bcb442ffe6b12914f6d8e68a4e","component/dialog-model.tsx","dc6be01cb7462bc06fb5fe701a4018d0a532fa19ba9425972e2aacd1045aec97","10578","component","reject","Donor provider/model selection authority is prohibited; Phase 10.4 supplies the shared ATLAS control plane.","none"
"86d95a79bf0879bcb442ffe6b12914f6d8e68a4e","component/dialog-provider.tsx","acebe5017f7fb0188063b3fa9ca0f5566e9745ade4a90cd1c67bc6c7abbc8c16","14959","component","reject","Donor provider/model selection authority is prohibited; Phase 10.4 supplies the shared ATLAS control plane.","none"
"86d95a79bf0879bcb442ffe6b12914f6d8e68a4e","component/dialog-session-delete-failed.tsx","352a6296f948852f15245aa406c4fb653984ffb84e77b985d99c9e580c99d288","3283","component","rewrite","Useful terminal interaction or layout concept is coupled to donor runtime or product state; rewrite against ATLAS-owned contracts.","apps/atlas-tui/src/dialogs/dialog-session-delete-failed.tsx"
"86d95a79bf0879bcb442ffe6b12914f6d8e68a4e","component/dialog-session-list.tsx","76a0468089f684a68a9f5d15f1d78093b550a8ffe716f9922eaa260a8a4b764f","9072","component","rewrite","Useful terminal interaction or layout concept is coupled to donor runtime or product state; rewrite against ATLAS-owned contracts.","apps/atlas-tui/src/dialogs/dialog-session-list.tsx"
"86d95a79bf0879bcb442ffe6b12914f6d8e68a4e","component/dialog-session-rename.tsx","dbca89609adcc540f6b35e51c8d40d3acad3f2fa80385d382594ce885b5e60d3","839","component","rewrite","Useful terminal interaction or layout concept is coupled to donor runtime or product state; rewrite against ATLAS-owned contracts.","apps/atlas-tui/src/dialogs/dialog-session-rename.tsx"
"86d95a79bf0879bcb442ffe6b12914f6d8e68a4e","component/dialog-skill.tsx","62b01e085e78a2ea3b1e40f27087ec4967cce8b9750cf677733b2d48e6e8d844","1385","component","reject","Donor plugin, skill, workflow, or MCP authority is prohibited; ATLAS owns these contracts.","none"
"86d95a79bf0879bcb442ffe6b12914f6d8e68a4e","component/dialog-stash.tsx","ff54d88811e9c57ed6dde5f0ae2d508c83da74823cbcad078ea12dc693764a9b","2751","component","rewrite","Useful terminal interaction or layout concept is coupled to donor runtime or product state; rewrite against ATLAS-owned contracts.","apps/atlas-tui/src/dialogs/dialog-stash.tsx"
"86d95a79bf0879bcb442ffe6b12914f6d8e68a4e","component/dialog-status.tsx","b27ea5621755b1bbf514ab3c76a4aeee15c283bad7d22a413e6660200f63397d","6435","component","rewrite","Useful terminal interaction or layout concept is coupled to donor runtime or product state; rewrite against ATLAS-owned contracts.","apps/atlas-tui/src/dialogs/dialog-status.tsx"
"86d95a79bf0879bcb442ffe6b12914f6d8e68a4e","component/dialog-tag.tsx","93f104942ba552e659eca731f0501d5d8ba95e6a65fcc5a4d446a64d6a64c448","1070","component","rewrite","Useful terminal interaction or layout concept is coupled to donor runtime or product state; rewrite against ATLAS-owned contracts.","apps/atlas-tui/src/dialogs/dialog-tag.tsx"
"86d95a79bf0879bcb442ffe6b12914f6d8e68a4e","component/dialog-theme-list.tsx","d0507aa1d4dc8bfd34225ca7756c6feaf74ad4dbc053c51117b25a900131c17b","1227","component","rewrite","Useful terminal interaction or layout concept is coupled to donor runtime or product state; rewrite against ATLAS-owned contracts.","apps/atlas-tui/src/dialogs/dialog-theme-list.tsx"
"86d95a79bf0879bcb442ffe6b12914f6d8e68a4e","component/dialog-token-plan.tsx","eb611d41926ecb0a42b978aefbf3693f838e5316f1b7bd89497569082ab274c4","2770","component","reject","Donor account, hosted-service, commercial, or agreement flow is product-specific and prohibited.","none"
"86d95a79bf0879bcb442ffe6b12914f6d8e68a4e","component/dialog-variant.tsx","cc9264cd2542d59d103579b5ace199d0d3a9f266ebddd62b51d148592284f8fd","941","component","rewrite","Useful terminal interaction or layout concept is coupled to donor runtime or product state; rewrite against ATLAS-owned contracts.","apps/atlas-tui/src/dialogs/dialog-variant.tsx"
"86d95a79bf0879bcb442ffe6b12914f6d8e68a4e","component/dialog-workflows.tsx","2c824314879e7a52b8901170dbb2cb85b52c0cc9109f6c36800e684f7321c7fb","2638","component","reject","Donor plugin, skill, workflow, or MCP authority is prohibited; ATLAS owns these contracts.","none"
"86d95a79bf0879bcb442ffe6b12914f6d8e68a4e","component/dialog-workspace-create.tsx","8d77f843666b8072090e82a70df8313fedb920065c2c047cd8064ebb2d22f657","8490","component","rewrite","Workspace interaction is useful but must resolve through the ATLAS Project registry and canonical-root policy.","apps/atlas-tui/src/dialogs/dialog-workspace-create.tsx"
"86d95a79bf0879bcb442ffe6b12914f6d8e68a4e","component/dialog-workspace-unavailable.tsx","5dcfb70d1abc9d8a71653e3fb36558233404cb6144f91c1470fd7331898fc0a5","2513","component","rewrite","Workspace interaction is useful but must resolve through the ATLAS Project registry and canonical-root policy.","apps/atlas-tui/src/dialogs/dialog-workspace-unavailable.tsx"
"86d95a79bf0879bcb442ffe6b12914f6d8e68a4e","component/dialog-worktree.tsx","610f129dee69e54154d997dc6f08a3717efeb77b2d0f92846baea4fa698ad5fd","2555","component","rewrite","Workspace interaction is useful but must resolve through the ATLAS Project registry and canonical-root policy.","apps/atlas-tui/src/dialogs/dialog-worktree.tsx"
"86d95a79bf0879bcb442ffe6b12914f6d8e68a4e","component/error-component.tsx","77cae93955103e9e7659777f4914edf06a20d6481ec3ace54fb29db92bb0d4c2","3231","component","rewrite","Useful terminal interaction or layout concept is coupled to donor runtime or product state; rewrite against ATLAS-owned contracts.","apps/atlas-tui/src/components/error-component.tsx"
"86d95a79bf0879bcb442ffe6b12914f6d8e68a4e","component/logo.tsx","272cae5311603d9fcb77df636c33c2cad88b4080eb78098fcf4d002d34f48dd1","30629","component","reject","Donor image/logo path adds product identity and dependencies; the ATLAS intake shell is text-first.","none"
"86d95a79bf0879bcb442ffe6b12914f6d8e68a4e","component/plugin-route-missing.tsx","9c9d92bdb199b46d39b098b662ad10fb7a0ded336c47f463d9ba1db938d350c7","552","component","reject","Donor plugin, skill, workflow, or MCP authority is prohibited; ATLAS owns these contracts.","none"
"86d95a79bf0879bcb442ffe6b12914f6d8e68a4e","component/prompt/autocomplete.tsx","2b4ffb9b171a45f0a1ba29552fb4bf3573d747a9db9c3681869541de0ed31d84","22239","component/prompt","rewrite","Composer interaction is useful but coupled to donor session, storage, SDK, or command state; rewrite for ATLAS events and sessions.","apps/atlas-tui/src/composer/autocomplete.tsx"
"86d95a79bf0879bcb442ffe6b12914f6d8e68a4e","component/prompt/cwd.ts","e3b0c44298fc1c149afbf4c8996fb92427ae41e4649b934ca495991b7852b855","0","component/prompt","rewrite","Workspace interaction is useful but must resolve through the ATLAS Project registry and canonical-root policy.","apps/atlas-tui/src/composer/cwd.tsx"
"86d95a79bf0879bcb442ffe6b12914f6d8e68a4e","component/prompt/frecency.tsx","1baf061f1a320be1feb5f7f7d040bb5fc7ed4f3fadb5e4e0e2d0a9801291dbf1","3237","component/prompt","rewrite","Composer interaction is useful but coupled to donor session, storage, SDK, or command state; rewrite for ATLAS events and sessions.","apps/atlas-tui/src/composer/frecency.tsx"
"86d95a79bf0879bcb442ffe6b12914f6d8e68a4e","component/prompt/history.tsx","e5672de4f4f34886d64de9786dffdfe707450da7a40bd69cf7894ee508b3721b","3348","component/prompt","rewrite","Composer interaction is useful but coupled to donor session, storage, SDK, or command state; rewrite for ATLAS events and sessions.","apps/atlas-tui/src/composer/history.tsx"
"86d95a79bf0879bcb442ffe6b12914f6d8e68a4e","component/prompt/index.tsx","08adc595f1fa1cfbadccb4f471473753230eec2e5708c01ecfb8917152e09756","68073","component/prompt","rewrite","Composer interaction is useful but coupled to donor session, storage, SDK, or command state; rewrite for ATLAS events and sessions.","apps/atlas-tui/src/composer/index.tsx"
"86d95a79bf0879bcb442ffe6b12914f6d8e68a4e","component/prompt/part.ts","bdbf34a03366f53c7b42ba8c6bcbed355c697238c832a3885d8c98b56b9036fd","458","component/prompt","rewrite","Composer interaction is useful but coupled to donor session, storage, SDK, or command state; rewrite for ATLAS events and sessions.","apps/atlas-tui/src/composer/part.tsx"
"86d95a79bf0879bcb442ffe6b12914f6d8e68a4e","component/prompt/stash.tsx","70784d22c4b4e47f790fc6a1b3f1bebe5785fe59a900db5b899fa5aa741d1946","3237","component/prompt","rewrite","Composer interaction is useful but coupled to donor session, storage, SDK, or command state; rewrite for ATLAS events and sessions.","apps/atlas-tui/src/composer/stash.tsx"
"86d95a79bf0879bcb442ffe6b12914f6d8e68a4e","component/spinner.tsx","64522ab3ba6cf7100140bc1d5ac5c951a3fa284ccd200a20c0b006f5dab37bcc","886","component","rewrite","Useful terminal interaction or layout concept is coupled to donor runtime or product state; rewrite against ATLAS-owned contracts.","apps/atlas-tui/src/components/spinner.tsx"
"86d95a79bf0879bcb442ffe6b12914f6d8e68a4e","component/starry-background.tsx","6f024a65ce564018cc61d39e9ee1880f0171e45deac7e7b3d0a39b7e1295628e","11028","component","adopt-pattern","Presentation or terminal-platform concept with no donor authority; reimplement as an ATLAS-owned pattern without verbatim intake.","apps/atlas-tui/src/terminal/starry-background.ts"
"86d95a79bf0879bcb442ffe6b12914f6d8e68a4e","component/startup-loading.tsx","066af745e4d3af206625915902e1db38c2dd57091fcab0fee5265d4cddf67512","1899","component","rewrite","Useful terminal interaction or layout concept is coupled to donor runtime or product state; rewrite against ATLAS-owned contracts.","apps/atlas-tui/src/components/startup-loading.tsx"
"86d95a79bf0879bcb442ffe6b12914f6d8e68a4e","component/task-item.tsx","ba1be1413fba6aba3952049764dfae123a4683f6e0ac4ccde5cd4fd17d72fa6b","2018","component","rewrite","Useful terminal interaction or layout concept is coupled to donor runtime or product state; rewrite against ATLAS-owned contracts.","apps/atlas-tui/src/components/task-item.tsx"
"86d95a79bf0879bcb442ffe6b12914f6d8e68a4e","component/textarea-keybindings.ts","d25d3184b8d1c85482c721686ddee1bab4ae803103fd216ccfc54fe75424519d","1810","component","rewrite","Useful terminal interaction or layout concept is coupled to donor runtime or product state; rewrite against ATLAS-owned contracts.","apps/atlas-tui/src/components/textarea-keybindings.tsx"
"86d95a79bf0879bcb442ffe6b12914f6d8e68a4e","component/todo-item.tsx","c15fca386084cf497eb6121503134218f91dcaa0cc867eb93c12455b96dbf735","772","component","rewrite","Useful terminal interaction or layout concept is coupled to donor runtime or product state; rewrite against ATLAS-owned contracts.","apps/atlas-tui/src/components/todo-item.tsx"
"86d95a79bf0879bcb442ffe6b12914f6d8e68a4e","config/cwd.ts","ae00a697268dd1688ba673eb8741efbf9d053a26ad9f73bf69b3248b80acdd76","173","config","reject","Donor configuration and migration authority is prohibited; ATLAS config remains the single canonical store.","none"
"86d95a79bf0879bcb442ffe6b12914f6d8e68a4e","config/tui-migrate.ts","a4ee8b2e3545446306b0580ba9ab4bbfb5a7812b6ff288962085b8c311d6fe26","5505","config","reject","Donor configuration and migration authority is prohibited; ATLAS config remains the single canonical store.","none"
"86d95a79bf0879bcb442ffe6b12914f6d8e68a4e","config/tui-schema.ts","9e3d375f4a85e91afeff97b44fce1817bbdb2d0e364aa14988c83466b90ad490","1270","config","reject","Donor configuration and migration authority is prohibited; ATLAS config remains the single canonical store.","none"
"86d95a79bf0879bcb442ffe6b12914f6d8e68a4e","config/tui.ts","15dd1d2958463d1fea4e698b047b51e920c8ab1f2c1c4001022c0240b85dfd0e","7661","config","reject","Donor configuration and migration authority is prohibited; ATLAS config remains the single canonical store.","none"
"86d95a79bf0879bcb442ffe6b12914f6d8e68a4e","context/args.tsx","12bf9d3092f56e4c461c5fd1794a2d6e541f28057bac237fa8458c180f7be833","352","context","rewrite","Client-state pattern is useful but coupled to donor configuration/runtime context; rewrite around ATLAS-owned contracts.","apps/atlas-tui/src/state/args.ts"
"86d95a79bf0879bcb442ffe6b12914f6d8e68a4e","context/directory.ts","b7743111e08f125eede63255bcd17b1791e55fd0c2e3e68888c6d62f4edb6d09","509","context","rewrite","Client-state pattern is useful but coupled to donor configuration/runtime context; rewrite around ATLAS-owned contracts.","apps/atlas-tui/src/state/directory.ts"
"86d95a79bf0879bcb442ffe6b12914f6d8e68a4e","context/event.ts","a264f9e07203b812ada6c12a162b44e84b7e0cf9ae71824713480ae6ed44066f","1108","context","rewrite","Client-state pattern is useful but coupled to donor configuration/runtime context; rewrite around ATLAS-owned contracts.","apps/atlas-tui/src/state/event.ts"
"86d95a79bf0879bcb442ffe6b12914f6d8e68a4e","context/exit.tsx","cca8b07d253793657594612c24f3e14f48a9036be2abc55c6bd293f74fd22720","2215","context","rewrite","Client-state pattern is useful but coupled to donor configuration/runtime context; rewrite around ATLAS-owned contracts.","apps/atlas-tui/src/state/exit.ts"
"86d95a79bf0879bcb442ffe6b12914f6d8e68a4e","context/helper.tsx","9fb88e272ad4f5c3f1d3731889d76a9bee05d1b88e96c7b9508a47cc64398c22","768","context","rewrite","Client-state pattern is useful but coupled to donor configuration/runtime context; rewrite around ATLAS-owned contracts.","apps/atlas-tui/src/state/helper.ts"
"86d95a79bf0879bcb442ffe6b12914f6d8e68a4e","context/keybind.tsx","60bae96249c4ffd354bcc37ae6d62948d024aa988ce567497648d2b35794f755","3251","context","rewrite","Client-state pattern is useful but coupled to donor configuration/runtime context; rewrite around ATLAS-owned contracts.","apps/atlas-tui/src/state/keybind.ts"
"86d95a79bf0879bcb442ffe6b12914f6d8e68a4e","context/kv.tsx","996e992d9d98b4bf94fb155e88e21f9ea5f372fff193ddafab9c0e5ebd85bb6b","3052","context","reject","Donor SDK, sync, or local storage authority is prohibited; later phases use ATLAS session and persistence contracts.","none"
"86d95a79bf0879bcb442ffe6b12914f6d8e68a4e","context/language.tsx","ad0352b6c85aec3335139305e041f8f9ce07bb20d8dcb75feef77297207368ed","3585","context","reject","Client-state pattern is useful but coupled to donor configuration/runtime context; rewrite around ATLAS-owned contracts.","none"
"86d95a79bf0879bcb442ffe6b12914f6d8e68a4e","context/local.tsx","a966502ae6b3211868b5ea880488e58eb5e45f319b6862d894fc923def902b4c","15590","context","reject","Donor SDK, sync, or local storage authority is prohibited; later phases use ATLAS session and persistence contracts.","none"
"86d95a79bf0879bcb442ffe6b12914f6d8e68a4e","context/plugin-keybinds.ts","5a03bfed3f8cf2698b5d0a9a7399504515f9db0863d527484f77a62898ee1c1d","1048","context","reject","Donor plugin, skill, workflow, or MCP authority is prohibited; ATLAS owns these contracts.","none"
"86d95a79bf0879bcb442ffe6b12914f6d8e68a4e","context/project.tsx","f48190b15dc1ec5a2fd98a34a6d46dc65999b69df5e5c25414a12994275d4160","3318","context","rewrite","Workspace interaction is useful but must resolve through the ATLAS Project registry and canonical-root policy.","apps/atlas-tui/src/state/project.ts"
"86d95a79bf0879bcb442ffe6b12914f6d8e68a4e","context/prompt.tsx","0db0ff2883e2045d338a291d22083857392f1749059a854a25dffd6f61b43ed9","436","context","rewrite","Client-state pattern is useful but coupled to donor configuration/runtime context; rewrite around ATLAS-owned contracts.","apps/atlas-tui/src/state/prompt.ts"
"86d95a79bf0879bcb442ffe6b12914f6d8e68a4e","context/route.tsx","a2e10a614c635cd5b659e96d4a44a179ed8fdc880feda04e65c090d74bf61440","1547","context","rewrite","Client-state pattern is useful but coupled to donor configuration/runtime context; rewrite around ATLAS-owned contracts.","apps/atlas-tui/src/state/route.ts"
"86d95a79bf0879bcb442ffe6b12914f6d8e68a4e","context/sdk.tsx","e607b973036fcbae6e59ab187e68bbea195ed135e7f450d6165e311f7db8bdd7","4191","context","reject","Donor SDK, sync, or local storage authority is prohibited; later phases use ATLAS session and persistence contracts.","none"
"86d95a79bf0879bcb442ffe6b12914f6d8e68a4e","context/sync.tsx","6d8e47eb48c806ec620831e6c27c4721849654e27c0d98d5bbf83def988dc489","28838","context","reject","Donor SDK, sync, or local storage authority is prohibited; later phases use ATLAS session and persistence contracts.","none"
"86d95a79bf0879bcb442ffe6b12914f6d8e68a4e","context/theme.tsx","383367be6f827c4a59fd19fc413ba29bb4d708a3766f52e717f554b289bac395","33522","context","rewrite","Client-state pattern is useful but coupled to donor configuration/runtime context; rewrite around ATLAS-owned contracts.","apps/atlas-tui/src/state/theme.ts"
"86d95a79bf0879bcb442ffe6b12914f6d8e68a4e","context/theme/aura.json","1289cc5f5b8a14fe08403c361e8079d4d3216cd50572b636b8fcec97aff973d5","2035","context/theme","reject","Bulk donor theme presets are unnecessary; ATLAS owns one measured visual system and theme contract.","none"
"86d95a79bf0879bcb442ffe6b12914f6d8e68a4e","context/theme/ayu.json","4810cf7fb28c0d05d2b5c87fec0517613dfd7d68acadec218ab50bffeffb0c13","2542","context/theme","reject","Bulk donor theme presets are unnecessary; ATLAS owns one measured visual system and theme contract.","none"
"86d95a79bf0879bcb442ffe6b12914f6d8e68a4e","context/theme/carbonfox.json","19a1987813c528e82e46881945cc5463e4f74ee24a07dd7e62c7ec208bb4dfe3","5264","context/theme","reject","Bulk donor theme presets are unnecessary; ATLAS owns one measured visual system and theme contract.","none"
"86d95a79bf0879bcb442ffe6b12914f6d8e68a4e","context/theme/catppuccin-frappe.json","ef544cd189a2bebc538faceea9f2c2846f524e1fb5172501dcddcf2695788884","5432","context/theme","reject","Bulk donor theme presets are unnecessary; ATLAS owns one measured visual system and theme contract.","none"
"86d95a79bf0879bcb442ffe6b12914f6d8e68a4e","context/theme/catppuccin-macchiato.json","40d0a843fc158c92517958c8681ac830cd3a233953a11f98761494b3179e4ef8","5084","context/theme","reject","Bulk donor theme presets are unnecessary; ATLAS owns one measured visual system and theme contract.","none"
"86d95a79bf0879bcb442ffe6b12914f6d8e68a4e","context/theme/catppuccin.json","e75959b7dc4bbdd0dcd9ebe0d9c595b022b14b7913b7c490d88d2d78045318e2","5176","context/theme","reject","Bulk donor theme presets are unnecessary; ATLAS owns one measured visual system and theme contract.","none"
"86d95a79bf0879bcb442ffe6b12914f6d8e68a4e","context/theme/cobalt2.json","b7fa934844448859f8f17b520d4d1c3c25400a9f360d01a367a4ff4c97d49f4e","4826","context/theme","reject","Bulk donor theme presets are unnecessary; ATLAS owns one measured visual system and theme contract.","none"
"86d95a79bf0879bcb442ffe6b12914f6d8e68a4e","context/theme/cursor.json","cccfe07b25b63913a87a59314833b419467cf15e7d76e8924fbfde2fecee8a5d","5825","context/theme","reject","Bulk donor theme presets are unnecessary; ATLAS owns one measured visual system and theme contract.","none"
"86d95a79bf0879bcb442ffe6b12914f6d8e68a4e","context/theme/dracula.json","77f2ebf0311b19c94446bf8d3fc48d8d0b076e5abadc9f9f8f32717304ef88a8","4506","context/theme","reject","Bulk donor theme presets are unnecessary; ATLAS owns one measured visual system and theme contract.","none"
"86d95a79bf0879bcb442ffe6b12914f6d8e68a4e","context/theme/everforest.json","e82949ca2ae1980215cf2ca8d221698ee211f7f732e0261fee1b2f4fa1460ce0","5476","context/theme","reject","Bulk donor theme presets are unnecessary; ATLAS owns one measured visual system and theme contract.","none"
"86d95a79bf0879bcb442ffe6b12914f6d8e68a4e","context/theme/flexoki.json","4ad28a3ec91c2c13ec04787d7eb25cbf4ff421395063486cb48d3161230080a8","5149","context/theme","reject","Bulk donor theme presets are unnecessary; ATLAS owns one measured visual system and theme contract.","none"
"86d95a79bf0879bcb442ffe6b12914f6d8e68a4e","context/theme/github.json","d10ba6ef20cfa901f06dbb3f11045a730a50225ab0a32a07aaf65072b01321d7","5211","context/theme","reject","Bulk donor theme presets are unnecessary; ATLAS owns one measured visual system and theme contract.","none"
"86d95a79bf0879bcb442ffe6b12914f6d8e68a4e","context/theme/gruvbox.json","6823ffd263be9a80d608805177302bf73f72f012a81fa409b8d3232ba31ad664","5637","context/theme","reject","Bulk donor theme presets are unnecessary; ATLAS owns one measured visual system and theme contract.","none"
"86d95a79bf0879bcb442ffe6b12914f6d8e68a4e","context/theme/kanagawa.json","ea53bdc69f0e5aaf7d908e691003ad3dd2cf4f4e572609e8ef5b554c32708aca","4094","context/theme","reject","Bulk donor theme presets are unnecessary; ATLAS owns one measured visual system and theme contract.","none"
"86d95a79bf0879bcb442ffe6b12914f6d8e68a4e","context/theme/lucent-orng.json","1c5fc94bd88c723b5b7db24c530df282dae0bd599c7ef6af49e5819c6a2cd4f9","5373","context/theme","reject","Bulk donor theme presets are unnecessary; ATLAS owns one measured visual system and theme contract.","none"
"86d95a79bf0879bcb442ffe6b12914f6d8e68a4e","context/theme/material.json","d7af878a7b9ff3a49bdb316de036c2b4f9f4f726d9e10f5646ee10452b3d701c","5286","context/theme","reject","Bulk donor theme presets are unnecessary; ATLAS owns one measured visual system and theme contract.","none"
"86d95a79bf0879bcb442ffe6b12914f6d8e68a4e","context/theme/matrix.json","ada4572005df449fe0beb1a1f604cccf59c5cfcdccad748ff176186f98db58b9","4142","context/theme","reject","Bulk donor theme presets are unnecessary; ATLAS owns one measured visual system and theme contract.","none"
"86d95a79bf0879bcb442ffe6b12914f6d8e68a4e","context/theme/mercury.json","2b8d6f34df06f79d578eb264da3e207668d37a09a00dce3c5783a17af420bd2b","5871","context/theme","reject","Bulk donor theme presets are unnecessary; ATLAS owns one measured visual system and theme contract.","none"
"86d95a79bf0879bcb442ffe6b12914f6d8e68a4e","context/theme/mimocode.json","c81f88a1909d470af02d79935528014e72504e2edb9b438303d2e84264986931","5638","context/theme","reject","Bulk donor theme presets are unnecessary; ATLAS owns one measured visual system and theme contract.","none"
"86d95a79bf0879bcb442ffe6b12914f6d8e68a4e","context/theme/monokai.json","b75b393b7bbb0a0a35a1a603ddd28bcd133bad94ce8beb2192433faccc9a47ee","4563","context/theme","reject","Bulk donor theme presets are unnecessary; ATLAS owns one measured visual system and theme contract.","none"
"86d95a79bf0879bcb442ffe6b12914f6d8e68a4e","context/theme/nightowl.json","09a6066051995f9d4777f6b1a34026bccba6a3eac537cb82d04fea807dfd951e","5221","context/theme","reject","Bulk donor theme presets are unnecessary; ATLAS owns one measured visual system and theme contract.","none"
"86d95a79bf0879bcb442ffe6b12914f6d8e68a4e","context/theme/nord.json","7ce3a550476ecff51a6bf0a25b997626cefc4c20a937a3295f0853e1902b9d95","4554","context/theme","reject","Bulk donor theme presets are unnecessary; ATLAS owns one measured visual system and theme contract.","none"
"86d95a79bf0879bcb442ffe6b12914f6d8e68a4e","context/theme/one-dark.json","f8d77ab580ed9c007b3382862cbba38286566889b04b55b055ddafe39f2f86f2","4238","context/theme","reject","Bulk donor theme presets are unnecessary; ATLAS owns one measured visual system and theme contract.","none"
"86d95a79bf0879bcb442ffe6b12914f6d8e68a4e","context/theme/orng.json","c07b3f5e0d93f8469271ec1a8fc5993ba0a805fd68d76059079b3105bd41f038","5679","context/theme","reject","Bulk donor theme presets are unnecessary; ATLAS owns one measured visual system and theme contract.","none"
"86d95a79bf0879bcb442ffe6b12914f6d8e68a4e","context/theme/osaka-jade.json","b64794a56e5e6398bc2858ba8f15c966781ff5f8ee59d6531dd36b3b27543264","4529","context/theme","reject","Bulk donor theme presets are unnecessary; ATLAS owns one measured visual system and theme contract.","none"
"86d95a79bf0879bcb442ffe6b12914f6d8e68a4e","context/theme/palenight.json","3335234b19dcbf45df0e238dbff79f4a230d4405c1266781252defd7bbcf7377","4650","context/theme","reject","Bulk donor theme presets are unnecessary; ATLAS owns one measured visual system and theme contract.","none"
"86d95a79bf0879bcb442ffe6b12914f6d8e68a4e","context/theme/rosepine.json","6c19222ae2a87c7063d5efcbd25ce525b151cacab4e8ff9c648fac392648dee0","4964","context/theme","reject","Bulk donor theme presets are unnecessary; ATLAS owns one measured visual system and theme contract.","none"
"86d95a79bf0879bcb442ffe6b12914f6d8e68a4e","context/theme/solarized.json","e71b69a45749e38b7429c106cff253f90fdddd00e036e9a992e5dea1ea54120b","4522","context/theme","reject","Bulk donor theme presets are unnecessary; ATLAS owns one measured visual system and theme contract.","none"
"86d95a79bf0879bcb442ffe6b12914f6d8e68a4e","context/theme/synthwave84.json","586aafb8d20b962be98e2de0c778d1aed4ca594ce84a536bebb95478d6f232f0","4838","context/theme","reject","Bulk donor theme presets are unnecessary; ATLAS owns one measured visual system and theme contract.","none"
"86d95a79bf0879bcb442ffe6b12914f6d8e68a4e","context/theme/tokyonight.json","6f459bde5f749be6d1631bf52116b4ec89c240c6fdcfd775d15d083fcf43b1e8","5567","context/theme","reject","Bulk donor theme presets are unnecessary; ATLAS owns one measured visual system and theme contract.","none"
"86d95a79bf0879bcb442ffe6b12914f6d8e68a4e","context/theme/vercel.json","53747ab26757f89598e39cf99c560e1c54d04df4451520a0fc72677efc007635","5494","context/theme","reject","Bulk donor theme presets are unnecessary; ATLAS owns one measured visual system and theme contract.","none"
"86d95a79bf0879bcb442ffe6b12914f6d8e68a4e","context/theme/vesper.json","92b0151f79e4f6a6ab150c3e627513b994effd96eadff88bbac2402f816be3f8","4858","context/theme","reject","Bulk donor theme presets are unnecessary; ATLAS owns one measured visual system and theme contract.","none"
"86d95a79bf0879bcb442ffe6b12914f6d8e68a4e","context/theme/zenburn.json","942a59de97af68329657670a2ee23e5992780d8852ffb1a80cba294bea5a13e5","4620","context/theme","reject","Bulk donor theme presets are unnecessary; ATLAS owns one measured visual system and theme contract.","none"
"86d95a79bf0879bcb442ffe6b12914f6d8e68a4e","context/thinking.ts","227a7ff414365cf6b587d9cde33e551869de418665a5d9a5c6d32de942a7d306","1597","context","rewrite","Client-state pattern is useful but coupled to donor configuration/runtime context; rewrite around ATLAS-owned contracts.","apps/atlas-tui/src/state/thinking.ts"
"86d95a79bf0879bcb442ffe6b12914f6d8e68a4e","context/tui-config.tsx","8878c2eef13397b1310e5ca9800676be1190c334960f6f8e341bed7feb124a3f","300","context","rewrite","Client-state pattern is useful but coupled to donor configuration/runtime context; rewrite around ATLAS-owned contracts.","apps/atlas-tui/src/state/tui-config.ts"
"86d95a79bf0879bcb442ffe6b12914f6d8e68a4e","event.ts","4fdccbf6910b55ff2c3cc95c525412d6139df0b8424e06c9d5d247f280881350","1617","root","rewrite","Session/event interaction is valuable but coupled to donor runtime state; rewrite against the Phase 10.3 normalized protocol.","apps/atlas-tui/src/event.ts"
"86d95a79bf0879bcb442ffe6b12914f6d8e68a4e","feature-plugins/home/footer.tsx","359eef6057cb755e1415b154fecdb916d1aef6493afa88a38af2c031859683c6","2505","feature-plugins/home","reject","Donor product tips and home guidance are product-specific and not part of the ATLAS shell.","none"
"86d95a79bf0879bcb442ffe6b12914f6d8e68a4e","feature-plugins/home/tips-view.tsx","49041ef6a007f5ff0051669102e692780e8429167157670984bba8436dfcb9ff","5661","feature-plugins/home","reject","Donor product tips and home guidance are product-specific and not part of the ATLAS shell.","none"
"86d95a79bf0879bcb442ffe6b12914f6d8e68a4e","feature-plugins/home/tips.tsx","1dee1a23751247cffe6b8e28f53384a80b3de949832a8e49ff480b29ad43be0f","1503","feature-plugins/home","reject","Donor product tips and home guidance are product-specific and not part of the ATLAS shell.","none"
"86d95a79bf0879bcb442ffe6b12914f6d8e68a4e","feature-plugins/sidebar/context.tsx","ed3747fb1b82922f098a6e04929cf5bd73429df252643bb7befdb61d1df9a4e2","3687","feature-plugins/sidebar","rewrite","Sidebar information pattern is useful but its data sources are donor-specific; rewrite against ATLAS Projects, Focus, tools, and events.","apps/atlas-tui/src/sidebar/context.tsx"
"86d95a79bf0879bcb442ffe6b12914f6d8e68a4e","feature-plugins/sidebar/cwd.tsx","cbde881f7195b1363b1717ed7ad0f86d874fdba08487d097aa01b4a3b42c4a34","1210","feature-plugins/sidebar","rewrite","Sidebar information pattern is useful but its data sources are donor-specific; rewrite against ATLAS Projects, Focus, tools, and events.","apps/atlas-tui/src/sidebar/cwd.tsx"
"86d95a79bf0879bcb442ffe6b12914f6d8e68a4e","feature-plugins/sidebar/files.tsx","7cb17e4f3eeb689919f3859defbe136885bd4844d6bbb09f1116b89a5483719e","1968","feature-plugins/sidebar","rewrite","Sidebar information pattern is useful but its data sources are donor-specific; rewrite against ATLAS Projects, Focus, tools, and events.","apps/atlas-tui/src/sidebar/files.tsx"
"86d95a79bf0879bcb442ffe6b12914f6d8e68a4e","feature-plugins/sidebar/footer.tsx","f257f1a16c33dc50959e43beb20c10d15a671d60f05074c48b509334f7f7e6e0","3063","feature-plugins/sidebar","rewrite","Sidebar information pattern is useful but its data sources are donor-specific; rewrite against ATLAS Projects, Focus, tools, and events.","apps/atlas-tui/src/sidebar/footer.tsx"
"86d95a79bf0879bcb442ffe6b12914f6d8e68a4e","feature-plugins/sidebar/goal.tsx","6a4f451f7b2191b24d5afcd963780c9021f16db2a3f18aff46cef44aed38f89f","2649","feature-plugins/sidebar","rewrite","Sidebar information pattern is useful but its data sources are donor-specific; rewrite against ATLAS Projects, Focus, tools, and events.","apps/atlas-tui/src/sidebar/goal.tsx"
"86d95a79bf0879bcb442ffe6b12914f6d8e68a4e","feature-plugins/sidebar/instructions.tsx","02784959f699897d7dca1433dc8465b97702a066fec6acd278acc6017dc76638","1412","feature-plugins/sidebar","rewrite","Sidebar information pattern is useful but its data sources are donor-specific; rewrite against ATLAS Projects, Focus, tools, and events.","apps/atlas-tui/src/sidebar/instructions.tsx"
"86d95a79bf0879bcb442ffe6b12914f6d8e68a4e","feature-plugins/sidebar/lsp.tsx","43535038740c9d653a2696c11f3c8ef16e110377bc38e026248f2013b311ff50","1886","feature-plugins/sidebar","rewrite","Sidebar information pattern is useful but its data sources are donor-specific; rewrite against ATLAS Projects, Focus, tools, and events.","apps/atlas-tui/src/sidebar/lsp.tsx"
"86d95a79bf0879bcb442ffe6b12914f6d8e68a4e","feature-plugins/sidebar/mcp.tsx","8ff9ba6be14db261b0ca5a98ca180c0abba2d2ad175e52f1d8a196960385dd00","3422","feature-plugins/sidebar","reject","Donor MCP/plugin integration authority is prohibited; ATLAS tool contracts remain authoritative.","none"
"86d95a79bf0879bcb442ffe6b12914f6d8e68a4e","feature-plugins/sidebar/task.tsx","69eff0312efaf602b518ec9af2ff491fa4dff6fb1024344608c11a2e25c08378","3683","feature-plugins/sidebar","rewrite","Sidebar information pattern is useful but its data sources are donor-specific; rewrite against ATLAS Projects, Focus, tools, and events.","apps/atlas-tui/src/sidebar/task.tsx"
"86d95a79bf0879bcb442ffe6b12914f6d8e68a4e","feature-plugins/sidebar/todo.tsx","21ad02de7dffbb6a9c6375afbe4d8a29a40c6a10c9747c6fdee5bed8a374314d","1624","feature-plugins/sidebar","rewrite","Sidebar information pattern is useful but its data sources are donor-specific; rewrite against ATLAS Projects, Focus, tools, and events.","apps/atlas-tui/src/sidebar/todo.tsx"
"86d95a79bf0879bcb442ffe6b12914f6d8e68a4e","feature-plugins/sidebar/tps.ts","4192a8b67af9a75906ab6bb9e7766218c42f563a64afd188a1dd8a524a08c579","999","feature-plugins/sidebar","rewrite","Sidebar information pattern is useful but its data sources are donor-specific; rewrite against ATLAS Projects, Focus, tools, and events.","apps/atlas-tui/src/sidebar/tps.tsx"
"86d95a79bf0879bcb442ffe6b12914f6d8e68a4e","feature-plugins/system/plugins.tsx","b3aacebf85f409e098c7f81097e2fbe1e36a2a8e19049381dfdc41407a699422","7659","feature-plugins/system","reject","Donor plugin-management surface is prohibited; ATLAS tool and skill contracts remain authoritative.","none"
"86d95a79bf0879bcb442ffe6b12914f6d8e68a4e","i18n/en.ts","17c62ae1e9bd15402f19591e55403bc227a11bebb7fb3dbd4f71810768bf6be4","32493","i18n","reject","Donor localization bundle is out of scope; Phase 10.1 intentionally ships English-only copy.","none"
"86d95a79bf0879bcb442ffe6b12914f6d8e68a4e","i18n/es.ts","c14ad970481918e1ad607ebe056038d956f782ae24394218b1384fce04a90fa9","33030","i18n","reject","Donor localization bundle is out of scope; Phase 10.1 intentionally ships English-only copy.","none"
"86d95a79bf0879bcb442ffe6b12914f6d8e68a4e","i18n/fr.ts","337b48f8266df02fedd171b8d3f8371195daa4b612531456a2a96dd95070f5f9","35417","i18n","reject","Donor localization bundle is out of scope; Phase 10.1 intentionally ships English-only copy.","none"
"86d95a79bf0879bcb442ffe6b12914f6d8e68a4e","i18n/ja.ts","29eeef55c2d551a4ad84bbba22aee0bb7da9f1b9bf8489411e74ccd71d7ae6bd","37482","i18n","reject","Donor localization bundle is out of scope; Phase 10.1 intentionally ships English-only copy.","none"
"86d95a79bf0879bcb442ffe6b12914f6d8e68a4e","i18n/locales.ts","c59bb708fd9168219098b07e3aba5bcc7cedf47bf59f03dfce2749fe17227441","1254","i18n","reject","Donor localization bundle is out of scope; Phase 10.1 intentionally ships English-only copy.","none"
"86d95a79bf0879bcb442ffe6b12914f6d8e68a4e","i18n/ru.ts","7086b3cc3945842e5e0651680589a891692c376c1aaf323289c9d7522bd43365","45419","i18n","reject","Donor localization bundle is out of scope; Phase 10.1 intentionally ships English-only copy.","none"
"86d95a79bf0879bcb442ffe6b12914f6d8e68a4e","i18n/slash-command.ts","01728f7672db4132e54c11862e88ad20060d7a33b649f4cb7e69e4751437be62","345","i18n","reject","Donor localization bundle is out of scope; Phase 10.1 intentionally ships English-only copy.","none"
"86d95a79bf0879bcb442ffe6b12914f6d8e68a4e","i18n/zh.ts","2b721a22e4b554d290e8acee7f63cf91c24891a3ded1587dee1465955c4c8f88","31749","i18n","reject","Donor localization bundle is out of scope; Phase 10.1 intentionally ships English-only copy.","none"
"86d95a79bf0879bcb442ffe6b12914f6d8e68a4e","i18n/zht.ts","2de975e1446d5427d730c048f229103f77de29954ba5324023568cedb7c7064c","30329","i18n","reject","Donor localization bundle is out of scope; Phase 10.1 intentionally ships English-only copy.","none"
"86d95a79bf0879bcb442ffe6b12914f6d8e68a4e","layer.ts","d14357ac99f2a6054fe8cc3cd873ea482938687c1af9e13c2f9e9f74ab01ce0f","274","root","reject","Imports donor server, update, configuration, observability, or process runtime; no client-side authority may enter ATLAS.","none"
"86d95a79bf0879bcb442ffe6b12914f6d8e68a4e","plugin/api.tsx","4c7f5e6710eba0d69fbde27a1e576e250ecd79ccd94577f6d509c87d0966c651","10893","plugin","reject","Donor plugin API/runtime is prohibited; ATLAS tool and skill contracts remain authoritative.","none"
"86d95a79bf0879bcb442ffe6b12914f6d8e68a4e","plugin/index.ts","55aa0d71544b29bea3640abc0d9e3bad1292debe51e415e51b0ee2b6bcce076b","123","plugin","reject","Donor plugin API/runtime is prohibited; ATLAS tool and skill contracts remain authoritative.","none"
"86d95a79bf0879bcb442ffe6b12914f6d8e68a4e","plugin/internal.ts","b43bb785fd0ea34f6107d33f1ef002b065175f44f4efd66d275aba64336cb2cc","1228","plugin","reject","Donor plugin API/runtime is prohibited; ATLAS tool and skill contracts remain authoritative.","none"
"86d95a79bf0879bcb442ffe6b12914f6d8e68a4e","plugin/runtime.ts","e38bc883285199745c86d9f9ee6d6750b50246d3182274810b20dddcb457869d","29942","plugin","reject","Donor plugin API/runtime is prohibited; ATLAS tool and skill contracts remain authoritative.","none"
"86d95a79bf0879bcb442ffe6b12914f6d8e68a4e","plugin/slots.tsx","64e4bdfc42ebc1f91e1add14ceb65b8fd41889e3f514794e88f5e5df5cfe6955","1882","plugin","reject","Donor plugin API/runtime is prohibited; ATLAS tool and skill contracts remain authoritative.","none"
"86d95a79bf0879bcb442ffe6b12914f6d8e68a4e","routes/home.tsx","2eaeb7152d0c1157134c1abac02e47e3fac7b9f8e9d1a9e8bcbf87c7e2b44e40","5652","routes","rewrite","Useful terminal interaction or layout concept is coupled to donor runtime or product state; rewrite against ATLAS-owned contracts.","apps/atlas-tui/src/home.ts"
"86d95a79bf0879bcb442ffe6b12914f6d8e68a4e","routes/session/dialog-fork-from-timeline.tsx","cdb08d574fc29c989b8f57d0ea42799369faff385bafce151a6d013d3bedfe5f","2831","routes/session","rewrite","Session/event interaction is valuable but coupled to donor runtime state; rewrite against the Phase 10.3 normalized protocol.","apps/atlas-tui/src/session/dialog-fork-from-timeline.tsx"
"86d95a79bf0879bcb442ffe6b12914f6d8e68a4e","routes/session/dialog-message.tsx","d7d698219b47ba28e3e3ebfeb66deab333ef62352375eb333024036a54a0bc95","3668","routes/session","rewrite","Session/event interaction is valuable but coupled to donor runtime state; rewrite against the Phase 10.3 normalized protocol.","apps/atlas-tui/src/session/dialog-message.tsx"
"86d95a79bf0879bcb442ffe6b12914f6d8e68a4e","routes/session/dialog-subagent.tsx","8c0cde222b8c517e88c1050d1ff448b46f8e64e7a0cde43c11c24b7763d74770","1573","routes/session","rewrite","Session/event interaction is valuable but coupled to donor runtime state; rewrite against the Phase 10.3 normalized protocol.","apps/atlas-tui/src/session/dialog-subagent.tsx"
"86d95a79bf0879bcb442ffe6b12914f6d8e68a4e","routes/session/dialog-timeline.tsx","f74fa7df80255216f19e5acf2a944b7c33b3b9ac2f8764bd4e5e13ecac4b6f0e","1668","routes/session","rewrite","Session/event interaction is valuable but coupled to donor runtime state; rewrite against the Phase 10.3 normalized protocol.","apps/atlas-tui/src/session/dialog-timeline.tsx"
"86d95a79bf0879bcb442ffe6b12914f6d8e68a4e","routes/session/footer.tsx","2a1ca48ccff0065cda8095eeafca8b937d6d3aefb925f91889812f2febeb9da5","3221","routes/session","rewrite","Session/event interaction is valuable but coupled to donor runtime state; rewrite against the Phase 10.3 normalized protocol.","apps/atlas-tui/src/session/footer.tsx"
"86d95a79bf0879bcb442ffe6b12914f6d8e68a4e","routes/session/index.tsx","b85456edf935e5e8d4175a0f1ca43c229f13be4fe65e97c957804595a69cc136","93911","routes/session","rewrite","Session/event interaction is valuable but coupled to donor runtime state; rewrite against the Phase 10.3 normalized protocol.","apps/atlas-tui/src/session/index.tsx"
"86d95a79bf0879bcb442ffe6b12914f6d8e68a4e","routes/session/permission.tsx","abd482dc65c3cd9ab44c48a96bd89dd848ceca5eb89c20dca4040e73ae4c98cf","23915","routes/session","rewrite","Permission interaction is valuable but donor SDK semantics are incompatible; rewrite against the Phase 10.5 ATLAS broker.","apps/atlas-tui/src/session/permission.tsx"
"86d95a79bf0879bcb442ffe6b12914f6d8e68a4e","routes/session/question.tsx","77c4c9beb46448b199ff25dce320bd2fa8788ec75c8cb7cc447cae1f0057b7c5","17168","routes/session","rewrite","Session/event interaction is valuable but coupled to donor runtime state; rewrite against the Phase 10.3 normalized protocol.","apps/atlas-tui/src/session/question.tsx"
"86d95a79bf0879bcb442ffe6b12914f6d8e68a4e","routes/session/sidebar.tsx","ad308b4cad25146dec5cd63b7986d2f9d01a7a184a850a33bb5cc50381bf3890","3686","routes/session","rewrite","Session/event interaction is valuable but coupled to donor runtime state; rewrite against the Phase 10.3 normalized protocol.","apps/atlas-tui/src/session/sidebar.tsx"
"86d95a79bf0879bcb442ffe6b12914f6d8e68a4e","routes/session/subagent-footer.tsx","95dbe4948106f620f079ae2a709fa76e9810a243f8dd250246a662a9adf4884f","5368","routes/session","rewrite","Session/event interaction is valuable but coupled to donor runtime state; rewrite against the Phase 10.3 normalized protocol.","apps/atlas-tui/src/session/subagent-footer.tsx"
"86d95a79bf0879bcb442ffe6b12914f6d8e68a4e","thread.ts","e19dbb420b025846d5f0cb92f1512c26cc993efa0af99c45db8e021db5ae2c15","10398","root","rewrite","Session/event interaction is valuable but coupled to donor runtime state; rewrite against the Phase 10.3 normalized protocol.","apps/atlas-tui/src/thread.ts"
"86d95a79bf0879bcb442ffe6b12914f6d8e68a4e","ui/dialog-alert.tsx","d532de50543c47ecfe769e6c0e727f760175d6c83d57f508116387ad6d68b5e9","1813","ui","rewrite","Dialog/UI behavior is useful but imports donor theme, language, flags, or extra dependencies; rewrite as lean ATLAS primitives.","apps/atlas-tui/src/dialogs/dialog-alert.tsx"
"86d95a79bf0879bcb442ffe6b12914f6d8e68a4e","ui/dialog-confirm.tsx","3a03951cb94821de8efa7ca33ab644c80045d557fc057c534dd6d6cc93cb85c2","3072","ui","rewrite","Dialog/UI behavior is useful but imports donor theme, language, flags, or extra dependencies; rewrite as lean ATLAS primitives.","apps/atlas-tui/src/dialogs/dialog-confirm.tsx"
"86d95a79bf0879bcb442ffe6b12914f6d8e68a4e","ui/dialog-export-options.tsx","eb1e9609be7fad0209628d0992ca30875cb78b06aff4639add745fd89505c5ff","8420","ui","rewrite","Dialog/UI behavior is useful but imports donor theme, language, flags, or extra dependencies; rewrite as lean ATLAS primitives.","apps/atlas-tui/src/dialogs/dialog-export-options.tsx"
"86d95a79bf0879bcb442ffe6b12914f6d8e68a4e","ui/dialog-help.tsx","6325fbdda9c4815cebb25d38ec2ee2019d92bf849bf90e1108f3105fc2c41c14","1478","ui","rewrite","Dialog/UI behavior is useful but imports donor theme, language, flags, or extra dependencies; rewrite as lean ATLAS primitives.","apps/atlas-tui/src/dialogs/dialog-help.tsx"
"86d95a79bf0879bcb442ffe6b12914f6d8e68a4e","ui/dialog-prompt.tsx","f8f463ccefafe270c705876a80386490ca9789ba42b659bf76359d1fbadd18df","3874","ui","rewrite","Dialog/UI behavior is useful but imports donor theme, language, flags, or extra dependencies; rewrite as lean ATLAS primitives.","apps/atlas-tui/src/dialogs/dialog-prompt.tsx"
"86d95a79bf0879bcb442ffe6b12914f6d8e68a4e","ui/dialog-select.tsx","4d6e86376d474eb2bbc37864ae616de1a66307382866ba1b020411211d4a5001","15755","ui","rewrite","Dialog/UI behavior is useful but imports donor theme, language, flags, or extra dependencies; rewrite as lean ATLAS primitives.","apps/atlas-tui/src/dialogs/dialog-select.tsx"
"86d95a79bf0879bcb442ffe6b12914f6d8e68a4e","ui/dialog.tsx","86f36316c82a54b097a8f5286a80a76e1b99ab4bb4d33b5e4c72610de6773bbf","5764","ui","rewrite","Dialog/UI behavior is useful but imports donor theme, language, flags, or extra dependencies; rewrite as lean ATLAS primitives.","apps/atlas-tui/src/dialogs/dialog.tsx"
"86d95a79bf0879bcb442ffe6b12914f6d8e68a4e","ui/link.tsx","5f850fa860e2f0974c46667c562cfc78b8b37c6a52d6fb83040c667d65c48240","614","ui","rewrite","Dialog/UI behavior is useful but imports donor theme, language, flags, or extra dependencies; rewrite as lean ATLAS primitives.","apps/atlas-tui/src/link.ts"
"86d95a79bf0879bcb442ffe6b12914f6d8e68a4e","ui/spinner.ts","218ecfe9ed048d3c835e4423f268958fe38d47f72e88fa8febca6eea863c3d0d","13208","ui","rewrite","Dialog/UI behavior is useful but imports donor theme, language, flags, or extra dependencies; rewrite as lean ATLAS primitives.","apps/atlas-tui/src/spinner.ts"
"86d95a79bf0879bcb442ffe6b12914f6d8e68a4e","ui/toast.tsx","22a2db3390b210c76512df85ba36027a47ec043209483739a37e4f9c44bb8271","2999","ui","rewrite","Dialog/UI behavior is useful but imports donor theme, language, flags, or extra dependencies; rewrite as lean ATLAS primitives.","apps/atlas-tui/src/toast.ts"
"86d95a79bf0879bcb442ffe6b12914f6d8e68a4e","util/clipboard.ts","8d73642991af0457b4bf357f8abcaeb09df747ab624b1684df9e1055d6a636d0","6850","util","rewrite","Useful terminal interaction or layout concept is coupled to donor runtime or product state; rewrite against ATLAS-owned contracts.","apps/atlas-tui/src/terminal/clipboard.ts"
"86d95a79bf0879bcb442ffe6b12914f6d8e68a4e","util/editor.ts","347f3163ae2170e35381a25edcfaf5439794e4580b77ce2f9967523cbfc739ae","1229","util","rewrite","Useful terminal interaction or layout concept is coupled to donor runtime or product state; rewrite against ATLAS-owned contracts.","apps/atlas-tui/src/terminal/editor.ts"
"86d95a79bf0879bcb442ffe6b12914f6d8e68a4e","util/image-protocol.ts","dd741e3208577d13b8c8f4988ad42ad5f4a001917ea5631a4bd197888b586e60","1206","util","reject","Donor image/logo path adds product identity and dependencies; the ATLAS intake shell is text-first.","none"
"86d95a79bf0879bcb442ffe6b12914f6d8e68a4e","util/index.ts","a35fba456c5fdda668994fed4d07e282f44830ae6dda8a390eb83cf2608c4815","228","util","reject","Barrel re-exports rejected voice, sound, and donor utility authorities; rebuild a minimal ATLAS utility surface.","none"
"86d95a79bf0879bcb442ffe6b12914f6d8e68a4e","util/model.ts","9541f75ff3651d0c7c5a152f498062412dd124142b4a569fcf335e11e1c7600b","723","util","reject","Donor provider/model selection authority is prohibited; Phase 10.4 supplies the shared ATLAS control plane.","none"
"86d95a79bf0879bcb442ffe6b12914f6d8e68a4e","util/pinyin.ts","df340f81a080d25e28c5c6fe8ac8e00740a0ef8a8cd95088d54f3daf579450eb","1000","util","reject","Locale-specific search or detection is unnecessary for the English-only intake baseline.","none"
"86d95a79bf0879bcb442ffe6b12914f6d8e68a4e","util/provider-origin.ts","4b9681bee53f736a09de63c4a17781dc2e5ddd6346ce5adb35fb8254b4b4732b","413","util","reject","Donor provider/model selection authority is prohibited; Phase 10.4 supplies the shared ATLAS control plane.","none"
"86d95a79bf0879bcb442ffe6b12914f6d8e68a4e","util/revert-diff.ts","818394a4e07bb8aae34cd1fcf65d4f23ae9e2911f5d5f55fa5fa5f97b71432cb","668","util","rewrite","Useful terminal interaction or layout concept is coupled to donor runtime or product state; rewrite against ATLAS-owned contracts.","apps/atlas-tui/src/terminal/revert-diff.ts"
"86d95a79bf0879bcb442ffe6b12914f6d8e68a4e","util/scroll.ts","d068e39736e3c6d35e9d23b9ad60aa7db816000c085bfc63a0ba0f03086e5054","661","util","rewrite","Useful terminal interaction or layout concept is coupled to donor runtime or product state; rewrite against ATLAS-owned contracts.","apps/atlas-tui/src/terminal/scroll.ts"
"86d95a79bf0879bcb442ffe6b12914f6d8e68a4e","util/selection.ts","b747f7e1f866ab4e86d1c373621fe3b56e718f2764e40e97b512eab8ea5f1461","642","util","rewrite","Useful terminal interaction or layout concept is coupled to donor runtime or product state; rewrite against ATLAS-owned contracts.","apps/atlas-tui/src/terminal/selection.ts"
"86d95a79bf0879bcb442ffe6b12914f6d8e68a4e","util/signal.ts","8c4bd7e416786802a9227bf132c1210f5f0b167ef8615777b1a3edea932d671e","1183","util","rewrite","Useful terminal interaction or layout concept is coupled to donor runtime or product state; rewrite against ATLAS-owned contracts.","apps/atlas-tui/src/terminal/signal.ts"
"86d95a79bf0879bcb442ffe6b12914f6d8e68a4e","util/sound.ts","27f4514b5b08cdece61e98981aac9893441d8388fbdca572a651c1a04631216d","4195","util","reject","Voice and audio behavior is explicitly deferred and must not enter the v1.1 terminal package.","none"
"86d95a79bf0879bcb442ffe6b12914f6d8e68a4e","util/system-locale.ts","649aec8937a753e8282e134df142e01ada83036524f9b930cfe59d55233d612b","6005","util","reject","Locale-specific search or detection is unnecessary for the English-only intake baseline.","none"
"86d95a79bf0879bcb442ffe6b12914f6d8e68a4e","util/terminal.ts","bf154534158a0f08244d42c9b1cb1e39937cf0f92d4d65537fba08623e4f9259","3703","util","rewrite","Useful terminal interaction or layout concept is coupled to donor runtime or product state; rewrite against ATLAS-owned contracts.","apps/atlas-tui/src/terminal/terminal.ts"
"86d95a79bf0879bcb442ffe6b12914f6d8e68a4e","util/transcript.ts","5e3f0de229c3fd3ba10c327546c61264d2990d0b0487a2f95afb9b2dcfd1d3a2","3166","util","rewrite","Useful terminal interaction or layout concept is coupled to donor runtime or product state; rewrite against ATLAS-owned contracts.","apps/atlas-tui/src/terminal/transcript.ts"
"86d95a79bf0879bcb442ffe6b12914f6d8e68a4e","util/vad.ts","860cbc8ebd635aab54cd02287a3eb14e46f34dc4cab8b4eccb8e552843b2f912","7232","util","reject","Voice and audio behavior is explicitly deferred and must not enter the v1.1 terminal package.","none"
"86d95a79bf0879bcb442ffe6b12914f6d8e68a4e","util/voice.ts","4f763e7d4caef58c69d13e0ea567abc3fed9b7e135312100f40fc415b55d21db","17981","util","reject","Voice and audio behavior is explicitly deferred and must not enter the v1.1 terminal package.","none"
"86d95a79bf0879bcb442ffe6b12914f6d8e68a4e","win32.ts","4b8ddb038f058c912135490d5d7bdd1e977fec16fe7eb586cd43948a3a48403b","3653","root","adopt-pattern","Presentation or terminal-platform concept with no donor authority; reimplement as an ATLAS-owned pattern without verbatim intake.","apps/atlas-tui/src/terminal/win32.ts"
"86d95a79bf0879bcb442ffe6b12914f6d8e68a4e","worker.ts","3b3be0023c9bc5a12e583286d2b13dc35a4aa37bf704cdbcdbfafa325fffd14a","3163","root","reject","Imports donor server, update, configuration, observability, or process runtime; no client-side authority may enter ATLAS.","none"
